r,vgr,u,v,w
112.70166537925832,0.2817541634481458,0.0,0.2817541634481458,0.0
500.0,1.25,0.0,1.25,0.0
887.2983346207417,2.2182458365518545,0.0,2.2182458365518545,0.0
1112.7016653792584,2.781754163448146,0.0,2.781754163448146,0.0
1500.0,3.75,0.0,3.75,0.0
1887.2983346207416,4.718245836551854,0.0,4.718245836551854,0.0
2112.7016653792584,5.281754163448146,0.0,5.281754163448146,0.0
2500.0,6.25,0.0,6.25,0.0
2887.2983346207416,7.218245836551854,0.0,7.218245836551854,0.0
3112.7016653792584,7.781754163448146,0.0,7.781754163448146,0.0
3500.0,8.75,0.0,8.75,0.0
3887.2983346207416,9.718245836551855,0.0,9.718245836551855,0.0
4112.701665379258,10.281754163448145,0.0,10.281754163448145,0.0
4500.0,11.25,0.0,11.25,0.0
4887.298334620742,12.218245836551855,0.0,12.218245836551855,0.0
5112.701665379258,12.781754163448145,0.0,12.781754163448145,0.0
5500.0,13.75,0.0,13.75,0.0
5887.298334620742,14.718245836551855,0.0,14.718245836551855,0.0
6112.701665379258,15.281754163448145,0.0,15.281754163448145,0.0
6500.0,16.25,0.0,16.25,0.0
6887.298334620742,17.218245836551855,0.0,17.218245836551855,0.0
7112.701665379258,17.781754163448145,0.0,17.781754163448145,0.0
7500.0,18.75,0.0,18.75,0.0
7887.298334620742,19.718245836551855,0.0,19.718245836551855,0.0
8112.701665379258,20.281754163448145,0.0,20.281754163448145,0.0
8500.0,21.25,0.0,21.25,0.0
8887.298334620742,22.218245836551855,0.0,22.218245836551855,0.0
9112.701665379258,22.781754163448145,0.0,22.781754163448145,0.0
9500.0,23.75,0.0,23.75,0.0
9887.298334620742,24.718245836551855,0.0,24.718245836551855,0.0
10112.701665379258,25.281754163448145,0.0,25.281754163448145,0.0
10500.0,26.25,0.0,26.25,0.0
10887.298334620742,27.218245836551855,0.0,27.218245836551855,0.0
11112.701665379258,27.781754163448145,0.0,27.781754163448145,0.0
11500.0,28.75,0.0,28.75,0.0
11887.298334620742,29.718245836551855,0.0,29.718245836551855,0.0
12112.701665379258,30.281754163448145,0.0,30.281754163448145,0.0
12500.0,31.25,0.0,31.25,0.0
12887.298334620742,32.21824583655186,0.0,32.21824583655186,0.0
13112.701665379258,32.78175416344815,0.0,32.78175416344815,0.0
13500.0,33.75,0.0,33.75,0.0
13887.298334620742,34.71824583655186,0.0,34.71824583655186,0.0
14112.701665379258,35.28175416344815,0.0,35.28175416344815,0.0
14500.0,36.25,0.0,36.25,0.0
14887.298334620742,37.21824583655186,0.0,37.21824583655186,0.0
15112.701665379258,37.78175416344815,0.0,37.78175416344815,0.0
15500.0,38.75,0.0,38.75,0.0
15887.298334620742,39.71824583655186,0.0,39.71824583655186,0.0
16112.701665379258,40.28175416344815,0.0,40.28175416344815,0.0
16500.0,41.25,0.0,41.25,0.0
16887.29833462074,42.21824583655185,0.0,42.21824583655185,0.0
17112.70166537926,42.78175416344815,0.0,42.78175416344815,0.0
17500.0,43.75,0.0,43.75,0.0
17887.29833462074,44.71824583655185,0.0,44.71824583655185,0.0
18112.70166537926,45.28175416344815,0.0,45.28175416344815,0.0
18500.0,46.25,0.0,46.25,0.0
18887.29833462074,47.21824583655185,0.0,47.21824583655185,0.0
19112.70166537926,47.78175416344815,0.0,47.78175416344815,0.0
19500.0,48.75,0.0,48.75,0.0
19887.29833462074,49.71824583655185,0.0,49.71824583655185,0.0
20112.70166537926,49.719824647990336,0.0,49.719824647990336,0.0
20500.0,48.78048780487805,0.0,48.78048780487805,0.0
20887.29833462074,47.875985873314114,0.0,47.875985873314114,0.0
21112.70166537926,47.36485248781809,0.0,47.36485248781809,0.0
21500.0,46.51162790697674,0.0,46.51162790697674,0.0
21887.29833462074,45.68859914602739,0.0,45.68859914602739,0.0
22112.70166537926,45.22287756297321,0.0,45.22287756297321,0.0
22500.0,44.44444444444444,0.0,44.44444444444444,0.0
22887.29833462074,43.692356580476705,0.0,43.692356580476705,0.0
23112.70166537926,43.26625309657805,0.0,43.26625309657805,0.0
23500.0,42.5531914893617,0.0,42.5531914893617,0.0
23887.29833462074,41.86325242778348,0.0,41.86325242778348,0.0
24112.70166537926,41.47191857127269,0.0,41.47191857127269,0.0
24500.0,40.816326530612244,0.0,40.816326530612244,0.0
24887.29833462074,40.181139252423364,0.0,40.181139252423364,0.0
25112.70166537926,39.82048659378671,0.0,39.82048659378671,0.0
25500.0,39.21568627450981,0.0,39.21568627450981,0.0
25887.29833462074,38.628982718626766,0.0,38.628982718626766,0.0
26112.70166537926,38.29553957359456,0.0,38.29553957359456,0.0
26500.0,37.735849056603776,0.0,37.735849056603776,0.0
26887.29833462074,37.192282673948526,0.0,37.192282673948526,0.0
27112.70166537926,36.883082045524056,0.0,36.883082045524056,0.0
27500.0,36.36363636363637,0.0,36.36363636363637,0.0
27887.29833462074,35.85861878769906,0.0,35.85861878769906,0.0
28112.70166537926,35.57110988132094,0.0,35.57110988132094,0.0
28500.0,35.08771929824562,0.0,35.08771929824562,0.0
28887.29833462074,34.617290561974215,0.0,34.617290561974215,0.0
29112.70166537926,34.349268284818685,0.0,34.349268284818685,0.0
29500.0,33.898305084745765,0.0,33.898305084745765,0.0
29887.29833462074,33.459029611974785,0.0,33.459029611974785,0.0
30112.70166537926,33.208577932072615,0.0,33.208577932072615,0.0
30500.0,32.78688524590164,0.0,32.78688524590164,0.0
30887.29833462074,32.375767837199504,0.0,32.375767837199504,0.0
31112.70166537926,32.141213924625276,0.0,32.141213924625276,0.0
31500.0,31.746031746031747,0.0,31.746031746031747,0.0
31887.29833462074,31.36044921417121,0.0,31.36044921417121,0.0
32112.70166537926,31.14032604357612,0.0,31.14032604357612,0.0
32500.0,30.76923076923077,0.0,30.76923076923077,0.0
32887.29833462074,30.406875925934344,0.0,30.406875925934344,0.0
33112.70166537926,30.19989157349678,0.0,30.19989157349678,0.0
33500.0,29.850746268656717,0.0,29.850746268656717,0.0
33887.29833462074,29.50958173547746,0.0,29.50958173547746,0.0
34112.70166537926,29.314594012789463,0.0,29.314594012789463,0.0
34500.0,28.985507246376812,0.0,28.985507246376812,0.0
34887.29833462074,28.663727136693772,0.0,28.663727136693772,0.0
35112.70166537926,28.479722509817268,0.0,28.479722509817268,0.0
35500.0,28.169014084507044,0.0,28.169014084507044,0.0
35887.29833462074,27.865012035060122,0.0,27.865012035060122,0.0
36112.70166537926,27.691088007372375,0.0,27.691088007372375,0.0
36500.0,27.397260273972602,0.0,27.397260273972602,0.0
36887.29833462074,27.109602631468555,0.0,27.109602631468555,0.0
37112.70166537926,26.944952944044335,0.0,26.944952944044335,0.0
37500.0,26.666666666666668,0.0,26.666666666666668,0.0
37887.29833462074,26.394069885057434,0.0,26.394069885057434,0.0
38112.70166537926,26.237972022549584,0.0,26.237972022549584,0.0
38500.0,25.974025974025974,0.0,25.974025974025974,0.0
38887.29833462074,25.71533747073697,0.0,25.71533747073697,0.0
39112.70166537926,25.56714206436814,0.0,25.56714206436814,0.0
39500.0,25.31645569620253,0.0,25.31645569620253,0.0
39887.29833462074,25.070637565142786,0.0,25.070637565142786,0.0
40112.70166537926,24.929759365051364,0.0,24.929759365051364,0.0
40500.0,24.691358024691358,0.0,24.691358024691358,0.0
40887.29833462074,24.457473120772672,0.0,24.457473120772672,0.0
41112.70166537926,24.323383273108846,0.0,24.323383273108846,0.0
41500.0,24.096385542168676,0.0,24.096385542168676,0.0
41887.29833462074,23.873585544033016,0.0,23.873585544033016,0.0
42112.70166537926,23.745804957987232,0.0,23.745804957987232,0.0
42500.0,23.529411764705884,0.0,23.529411764705884,0.0
42887.29833462074,23.316926895177044,0.0,23.316926895177044,0.0
43112.70166537926,23.195020524613255,0.0,23.195020524613255,0.0
43500.0,22.988505747126435,0.0,22.988505747126435,0.0
43887.29833462074,22.785635888895545,0.0,22.785635888895545,0.0
44112.70166537926,22.66920778476882,0.0,22.66920778476882,0.0
44500.0,22.471910112359552,0.0,22.471910112359552,0.0
44887.29833462074,22.278017102863117,0.0,22.278017102863117,0.0
45112.70166537926,22.16670611787872,0.0,22.16670611787872,0.0
45500.0,21.978021978021978,0.0,21.978021978021978,0.0
45887.29833462074,21.792522904873803,0.0,21.792522904873803,0.0
46112.70166537926,21.68599895223197,0.0,21.68599895223197,0.0
46500.0,21.50537634408602,0.0,21.50537634408602,0.0
46887.29833462074,21.327737692696573,0.0,21.327737692696573,0.0
47112.70166537926,21.225698477293,0.0,21.225698477293,0.0
47500.0,21.05263157894737,0.0,21.05263157894737,0.0
47887.29833462074,20.882364108585286,0.0,20.882364108585286,0.0
48112.70166537926,20.784532262497656,0.0,20.784532262497656,0.0
48500.0,20.61855670103093,0.0,20.61855670103093,0.0
48887.29833462074,20.455210945699275,0.0,20.455210945699275,0.0
49112.70166537926,20.361331510803943,0.0,20.361331510803943,0.0
49500.0,20.2020202020202,0.0,20.2020202020202,0.0
49887.29833462074,20.04518250903198,0.0,20.04518250903198,0.0
50112.70166537926,19.95502071864662,0.0,19.95502071864662,0.0
50500.0,19.801980198019802,0.0,19.801980198019802,0.0
50887.29833462074,19.65126923076713,0.0,19.65126923076713,0.0
51112.70166537926,19.564608549685435,0.0,19.564608549685435,0.0
51500.0,19.41747572815534,0.0,19.41747572815534,0.0
51887.29833462074,19.272539370830383,0.0,19.272539370830383,0.0
52112.70166537926,19.189179759305084,0.0,19.189179759305084,0.0
52500.0,19.047619047619047,0.0,19.047619047619047,0.0
52887.29833462074,18.908131659003395,0.0,18.908131659003395,0.0
53112.70166537926,18.82788803138281,0.0,18.82788803138281,0.0
53500.0,18.69158878504673,0.0,18.69158878504673,0.0
53887.29833462074,18.557248756290576,0.0,18.557248756290576,0.0
54112.70166537926,18.479949609313067,0.0,18.479949609313067,0.0
54500.0,18.34862385321101,0.0,18.34862385321101,0.0
54887.29833462074,18.219151431055945,0.0,18.219151431055945,0.0
55112.70166537926,18.14463762040867,0.0,18.14463762040867,0.0
55500.0,18.01801801801802,0.0,18.01801801801802,0.0
55887.29833462074,17.89315336040364,0.0,17.89315336040364,0.0
56112.70166537926,17.82127700718046,0.0,17.82127700718046,0.0
56500.0,17.699115044247787,0.0,17.699115044247787,0.0
56887.29833462074,17.578616479865687,0.0,17.578616479865687,0.0
57112.70166537926,17.50923999111362,0.0,17.50923999111362,0.0
57500.0,17.391304347826086,0.0,17.391304347826086,0.0
57887.29833462074,17.274946815093088,0.0,17.274946815093088,0.0
58112.70166537926,17.20794200479844,0.0,17.20794200479844,0.0
58500.0,17.094017094017094,0.0,17.094017094017094,0.0
58887.29833462074,16.981590738254074,0.0,16.981590738254074,0.0
59112.70166537926,16.91683803695397,0.0,16.91683803695397,0.0
59500.0,16.80672268907563,0.0,16.80672268907563,0.0
59887.29833462074,16.69803159949698,0.0,16.69803159949698,0.0
60112.70166537926,16.635419342264075,0.0,16.635419342264075,0.0
60500.0,16.52892561983471,0.0,16.52892561983471,0.0
60887.29833462074,16.423786690357986,0.0,16.423786690357986,0.0
61112.70166537926,16.363210474239374,0.0,16.363210474239374,0.0
61500.0,16.260162601626018,0.0,16.260162601626018,0.0
61887.29833462074,16.158404501567716,0.0,16.158404501567716,0.0
62112.70166537926,16.09976660470053,0.0,16.09976660470053,0.0
62500.0,16.0,0.0,16.0,0.0
62887.29833462074,15.901462242487202,0.0,15.901462242487202,0.0
63112.70166537926,15.84467109809299,0.0,15.84467109809299,0.0
63500.0,15.748031496062993,0.0,15.748031496062993,0.0
63887.29833462074,15.652563593506923,0.0,15.652563593506923,0.0
64112.70166537926,15.597533312809967,0.0,15.597533312809967,0.0
64500.0,15.503875968992247,0.0,15.503875968992247,0.0
64887.29833462074,15.411336666277075,0.0,15.411336666277075,0.0
65112.70166537926,15.357986605118935,0.0,15.357986605118935,0.0
65500.0,15.267175572519085,0.0,15.267175572519085,0.0
65887.29833462075,15.177432149688645,0.0,15.177432149688645,0.0
66112.70166537925,15.12568651424001,0.0,15.12568651424001,0.0
66500.0,15.037593984962406,0.0,15.037593984962406,0.0
66887.29833462075,14.95052162216577,0.0,14.95052162216577,0.0
67112.70166537925,14.90030910968169,0.0,14.90030910968169,0.0
67500.0,14.814814814814815,0.0,14.814814814814815,0.0
67887.29833462075,14.730296013120707,0.0,14.730296013120707,0.0
68112.70166537925,14.681549484158639,0.0,14.681549484158639,0.0
68500.0,14.598540145985401,0.0,14.598540145985401,0.0
68887.29833462075,14.516464198414196,0.0,14.516464198414196,0.0
69112.70166537925,14.46912037734638,0.0,14.46912037734638,0.0
69500.0,14.388489208633093,0.0,14.388489208633093,0.0
69887.29833462075,14.308751716399092,0.0,14.308751716399092,0.0
70112.70166537925,14.262750917410262,0.0,14.262750917410262,0.0
70500.0,14.184397163120567,0.0,14.184397163120567,0.0
70887.29833462075,14.106899592639836,0.0,14.106899592639836,0.0
71112.70166537925,14.062185468715548,0.0,14.062185468715548,0.0
71500.0,13.986013986013987,0.0,13.986013986013987,0.0
71887.29833462075,13.910663262725544,0.0,13.910663262725544,0.0
72112.70166537925,13.867182575411569,0.0,13.867182575411569,0.0
72500.0,13.793103448275861,0.0,13.793103448275861,0.0
72887.29833462075,13.719811583755874,0.0,13.719811583755874,0.0
73112.70166537925,13.67751399171077,0.0,13.67751399171077,0.0
73500.0,13.605442176870747,0.0,13.605442176870747,0.0
73887.29833462075,13.534125926098971,0.0,13.534125926098971,0.0
74112.70166537925,13.492963790674176,0.0,13.492963790674176,0.0
74500.0,13.422818791946309,0.0,13.422818791946309,0.0
74887.29833462075,13.3533993379181,0.0,13.3533993379181,0.0
75112.70166537925,13.313327544187075,0.0,13.313327544187075,0.0
75500.0,13.245033112582782,0.0,13.245033112582782,0.0
75887.29833462075,13.177435775754681,0.0,13.177435775754681,0.0
76112.70166537925,13.13841156757758,0.0,13.13841156757758,0.0
76500.0,13.071895424836601,0.0,13.071895424836601,0.0
76887.29833462075,13.006049395153749,0.0,13.006049395153749,0.0
77112.70166537925,12.968032223010065,0.0,12.968032223010065,0.0
77500.0,12.903225806451612,0.0,12.903225806451612,0.0
77887.29833462075,12.839063895935674,0.0,12.839063895935674,0.0
78112.70166537925,12.802015276386419,0.0,12.802015276386419,0.0
78500.0,12.738853503184714,0.0,12.738853503184714,0.0
78887.29833462075,12.676311917265096,0.0,12.676311917265096,0.0
79112.70166537925,12.64019530302064,0.0,12.64019530302064,0.0
79500.0,12.578616352201259,0.0,12.578616352201259,0.0
79887.29833462075,12.517634478153708,0.0,12.517634478153708,0.0
80112.70166537925,12.482415137825148,0.0,12.482415137825148,0.0
80500.0,12.422360248447205,0.0,12.422360248447205,0.0
80887.29833462075,12.362880459465016,0.0,12.362880459465016,0.0
81112.70166537925,12.328525366167439,0.0,12.328525366167439,0.0
81500.0,12.269938650306749,0.0,12.269938650306749,0.0
81887.29833462075,12.21190612387336,0.0,12.21190612387336,0.0
82112.70166537925,12.178383851929997,0.0,12.178383851929997,0.0
82500.0,12.121212121212121,0.0,12.121212121212121,0.0
82887.29833462075,12.064574670571877,0.0,12.064574670571877,0.0
83112.70166537925,12.031855299640101,0.0,12.031855299640101,0.0
83500.0,11.976047904191617,0.0,11.976047904191617,0.0
83887.29833462075,11.920755821829758,0.0,11.920755821829758,0.0
84112.70166537925,11.888810847834169,0.0,11.888810847834169,0.0
84500.0,11.834319526627219,0.0,11.834319526627219,0.0
84887.29833462075,11.780325438772461,0.0,11.780325438772461,0.0
85112.70166537925,11.749127691087775,0.0,11.749127691087775,0.0
85500.0,11.695906432748538,0.0,11.695906432748538,0.0
85887.29833462075,11.643165164003126,0.0,11.643165164003126,0.0
86112.70166537925,11.612688728381169,0.0,11.612688728381169,0.0
86500.0,11.560693641618498,0.0,11.560693641618498,0.0
86887.29833462075,11.509162088902748,0.0,11.509162088902748,0.0
87112.70166537925,11.479382235684062,0.0,11.479382235684062,0.0
87500.0,11.428571428571429,0.0,11.428571428571429,0.0
87887.29833462075,11.378208443643533,0.0,11.378208443643533,0.0
88112.70166537925,11.349101560835631,0.0,11.349101560835631,0.0
88500.0,11.299435028248588,0.0,11.299435028248588,0.0
88887.29833462075,11.250201308126716,0.0,11.250201308126716,0.0
89112.70166537925,11.221744838968396,0.0,11.221744838968396,0.0
89500.0,11.1731843575419,0.0,11.1731843575419,0.0
89887.29833462075,11.125042342215359,0.0,11.125042342215359,0.0
90112.70166537925,11.097214726880106,0.0,11.097214726880106,0.0
90500.0,11.049723756906078,0.0,11.049723756906078,0.0
90887.29833462075,11.002637533776053,0.0,11.002637533776053,0.0
91112.70166537925,10.975418154897906,0.0,10.975418154897906,0.0
91500.0,10.92896174863388,0.0,10.92896174863388,0.0
91887.29833462075,10.882896963172831,0.0,10.882896963172831,0.0
92112.70166537925,10.856266094905477,0.0,10.856266094905477,0.0
92500.0,10.81081081081081,0.0,10.81081081081081,0.0
92887.29833462075,10.765734582973463,0.0,10.765734582973463,0.0
93112.70166537925,10.739673343318053,0.0,10.739673343318053,0.0
93500.0,10.695187165775401,0.0,10.695187165775401,0.0
93887.29833462075,10.651068011733937,0.0,10.651068011733937,0.0
94112.70166537925,10.6255583178935,0.0,10.6255583178935,0.0
94500.0,10.582010582010582,0.0,10.582010582010582,0.0
94887.29833462075,10.538818340822527,0.0,10.538818340822527,0.0
95112.70166537925,10.513842867361186,0.0,10.513842867361186,0.0
95500.0,10.471204188481675,0.0,10.471204188481675,0.0
95887.29833462075,10.42890995333157,0.0,10.42890995333157,0.0
96112.70166537925,10.40445209293508,0.0,10.40445209293508,0.0
96500.0,10.362694300518134,0.0,10.362694300518134,0.0
96887.29833462075,10.321270354203591,0.0,10.321270354203591,0.0
97112.70166537925,10.297314180854478,0.0,10.297314180854478,0.0
97500.0,10.256410256410257,0.0,10.256410256410257,0.0
97887.29833462075,10.215830010769848,0.0,10.215830010769848,0.0
98112.70166537925,10.192360245165556,0.0,10.192360245165556,0.0
98500.0,10.152284263959391,0.0,10.152284263959391,0.0
98887.29833462075,10.11252220296423,0.0,10.11252220296423,0.0
99112.70166537925,10.08952418002048,0.0,10.08952418002048,0.0
99500.0,10.050251256281408,0.0,10.050251256281408,0.0
99887.29833462075,10.011282882534445,0.0,10.011282882534445,0.0
100112.70166537925,9.98874252082858,0.0,9.98874252082858,0.0
100500.0,9.950248756218905,0.0,9.950248756218905,0.0
100887.29833462075,9.912050540626256,0.0,9.912050540626256,0.0
101112.70166537925,9.889954313646804,0.0,9.889954313646804,0.0
101500.0,9.852216748768473,0.0,9.852216748768473,0.0
101887.29833462075,9.814766083165496,0.0,9.814766083165496,0.0
102112.70166537925,9.793100992244577,0.0,9.793100992244577,0.0
102500.0,9.75609756097561,0.0,9.75609756097561,0.0
102887.29833462075,9.71937271350732,0.0,9.71937271350732,0.0
103112.70166537925,9.698126262322116,0.0,9.698126262322116,0.0
103500.0,9.66183574879227,0.0,9.66183574879227,0.0
103887.29833462075,9.625815821863057,0.0,9.625815821863057,0.0
104112.70166537925,9.604975992401236,0.0,9.604975992401236,0.0
104500.0,9.569377990430622,0.0,9.569377990430622,0.0
104887.29833462075,9.534042881052303,0.0,9.534042881052303,0.0
105112.70166537925,9.513598110944264,0.0,9.513598110944264,0.0
105500.0,9.47867298578199,0.0,9.47867298578199,0.0
105887.29833462075,9.444003348162124,0.0,9.444003348162124,0.0
106112.70166537925,9.423942509290233,0.0,9.423942509290233,0.0
106500.0,9.389671361502348,0.0,9.389671361502348,0.0
106887.29833462075,9.35564857172651,0.0,9.35564857172651,0.0
107112.70166537925,9.335960950028188,0.0,9.335960950028188,0.0
107500.0,9.30232558139535,0.0,9.30232558139535,0.0
107887.29833462075,9.268931704067917,0.0,9.268931704067917,0.0
108112.70166537925,9.249606980455548,0.0,9.249606980455548,0.0
108500.0,9.216589861751151,0.0,9.216589861751151,0.0
108887.29833462075,9.183807618469029,0.0,9.183807618469029,0.0
109112.70166537925,9.164835850795301,0.0,9.164835850795301,0.0
109500.0,9.132420091324201,0.0,9.132420091324201,0.0
109887.29833462075,9.10023283086707,0.0,9.10023283086707,0.0
110112.70166537925,9.081604436869538,0.0,9.081604436869538,0.0
110500.0,9.049773755656108,0.0,9.049773755656108,0.0
110887.29833462075,9.01816542578515,0.0,9.01816542578515,0.0
111112.70166537925,8.999871166948525,0.0,8.999871166948525,0.0
111500.0,8.968609865470851,0.0,8.968609865470851,0.0
111887.29833462075,8.937564986235571,0.0,8.937564986235571,0.0
112112.70166537925,8.919595952514657,0.0,8.919595952514657,0.0
112500.0,8.88888888888889,0.0,8.88888888888889,0.0
112887.29833462075,8.858392527348808,0.0,8.858392527348808,0.0
113112.70166537925,8.840740122698996,0.0,8.840740122698996,0.0
113500.0,8.810572687224669,0.0,8.810572687224669,0.0
113887.29833462075,8.780610433499138,0.0,8.780610433499138,0.0
114112.70166537925,8.763266362165105,0.0,8.763266362165105,0.0
114500.0,8.733624454148472,0.0,8.733624454148472,0.0
114887.29833462075,8.704182398713911,0.0,8.704182398713911,0.0
115112.70166537925,8.68713865223055,0.0,8.68713865223055,0.0
115500.0,8.658008658008658,0.0,8.658008658008658,0.0
115887.29833462075,8.629073370168083,0.0,8.629073370168083,0.0
116112.70166537925,8.61232221503089,0.0,8.61232221503089,0.0
116500.0,8.583690987124463,0.0,8.583690987124463,0.0
116887.29833462075,8.555249494579266,0.0,8.555249494579266,0.0
117112.70166537925,8.538783460544307,0.0,8.538783460544307,0.0
117500.0,8.51063829787234,0.0,8.51063829787234,0.0
117887.29833462075,8.482678067331053,0.0,8.482678067331053,0.0
118112.70166537925,8.466489936307301,0.0,8.466489936307301,0.0
118500.0,8.438818565400844,0.0,8.438818565400844,0.0
118887.29833462075,8.411327484163996,0.0,8.411327484163996,0.0
119112.70166537925,8.39541027966336,0.0,8.39541027966336,0.0
119500.0,8.368200836820083,0.0,8.368200836820083,0.0
119887.29833462075,8.341167195284294,0.0,8.341167195284294,0.0
120112.70166537925,8.325514172396936,0.0,8.325514172396936,0.0
120500.0,8.298755186721992,0.0,8.298755186721992,0.0
120887.29833462075,8.272167661750212,0.0,8.272167661750212,0.0
121112.70166537925,8.256772297614889,0.0,8.256772297614889,0.0
121500.0,8.23045267489712,0.0,8.23045267489712,0.0
121887.29833462075,8.20430031400541,0.0,8.20430031400541,0.0
122112.70166537925,8.189156298746559,0.0,8.189156298746559,0.0
122500.0,8.16326530612245,0.0,8.16326530612245,0.0
122887.29833462075,8.137537512436893,0.0,8.137537512436893,0.0
123112.70166537925,8.122638740542007,0.0,8.122638740542007,0.0
123500.0,8.097165991902834,0.0,8.097165991902834,0.0
123887.29833462075,8.071852509843186,0.0,8.071852509843186,0.0
124112.70166537925,8.057193071955712,0.0,8.057193071955712,0.0
124500.0,8.032128514056225,0.0,8.032128514056225,0.0
124887.29833462075,8.007219415705658,0.0,8.007219415705658,0.0
125112.70166537925,7.9927935908102645,0.0,7.9927935908102645,0.0
125500.0,7.968127490039841,0.0,7.968127490039841,0.0
125887.29833462075,7.943613162162732,0.0,7.943613162162732,0.0
126112.70166537925,7.929415410141216,0.0,7.929415410141216,0.0
126500.0,7.905138339920948,0.0,7.905138339920948,0.0
126887.29833462075,7.881009471593057,0.0,7.881009471593057,0.0
127112.70166537925,7.8670344261305445,0.0,7.8670344261305445,0.0
127500.0,7.8431372549019605,0.0,7.8431372549019605,0.0
127887.29833462075,7.81938482571953,0.0,7.81938482571953,0.0
128112.70166537925,7.805627287541909,0.0,7.805627287541909,0.0
128500.0,7.782101167315175,0.0,7.782101167315175,0.0
128887.29833462075,7.758716436151626,0.0,7.758716436151626,0.0
129112.70166537925,7.7451713665762725,0.0,7.7451713665762725,0.0
129500.0,7.722007722007722,0.0,7.722007722007722,0.0
129887.29833462075,7.698982216288469,0.0,7.698982216288469,0.0
130112.70166537925,7.6856447310715,0.0,7.6856447310715,0.0
130500.0,7.662835249042145,0.0,7.662835249042145,0.0
130887.29833462075,7.640160754509912,0.0,7.640160754509912,0.0
131112.70166537925,7.627026117974147,0.0,7.627026117974147,0.0
131500.0,7.604562737642586,0.0,7.604562737642586,0.0
131887.29833462075,7.582231288587231,0.0,7.582231288587231,0.0
132112.70166537925,7.56929490801606,0.0,7.56929490801606,0.0
132500.0,7.547169811320755,0.0,7.547169811320755,0.0
132887.29833462075,7.52517368124921,0.0,7.52517368124921,0.0
133112.70166537925,7.5124311015324094,0.0,7.5124311015324094,0.0
133500.0,7.49063670411985,0.0,7.49063670411985,0.0
133887.29833462075,7.468968396843203,0.0,7.468968396843203,0.0
134112.70166537925,7.456415295361593,0.0,7.456415295361593,0.0
134500.0,7.434944237918216,0.0,7.434944237918216,0.0
134887.29833462075,7.413596479034347,0.0,7.413596479034347,0.0
135112.70166537925,7.401228660770951,0.0,7.401228660770951,0.0
135500.0,7.380073800738008,0.0,7.380073800738008,0.0
135887.29833462075,7.35903952948945,0.0,7.35903952948945,0.0
136112.70166537925,7.346852922355545,0.0,7.346852922355545,0.0
136500.0,7.326007326007326,0.0,7.326007326007326,0.0
136887.29833462075,7.305279687495196,0.0,7.305279687495196,0.0
137112.70166537925,7.2932703378603065,0.0,7.2932703378603065,0.0
137500.0,7.2727272727272725,0.0,7.2727272727272725,0.0
137887.29833462075,7.2522996104632504,0.0,7.2522996104632504,0.0
138112.70166537925,7.240463678878785,0.0,7.240463678878785,0.0
138500.0,7.2202166064981945,0.0,7.2202166064981945,0.0
138887.29833462075,7.2000824552775375,0.0,7.2000824552775375,0.0
139112.70166537925,7.188416212384353,0.0,7.188416212384353,0.0
139500.0,7.168458781362007,0.0,7.168458781362007,0.0
139887.29833462075,7.148611860441584,0.0,7.148611860441584,0.0
140112.70166537925,7.137111683052302,0.0,7.137111683052302,0.0
140500.0,7.117437722419929,0.0,7.117437722419929,0.0
140887.29833462075,7.097871928986137,0.0,7.097871928986137,0.0
141112.70166537925,7.086534296333589,0.0,7.086534296333589,0.0
141500.0,7.067137809187279,0.0,7.067137809187279,0.0
141887.29833462075,7.047847212099593,0.0,7.047847212099593,0.0
142112.70166537925,7.0366687022432055,0.0,7.0366687022432055,0.0
142500.0,7.017543859649122,0.0,7.017543859649122,0.0
142887.29833462075,6.998522693445775,0.0,6.998522693445775,0.0
143112.70166537925,6.987499979828223,0.0,6.987499979828223,0.0
143500.0,6.968641114982578,0.0,6.968641114982578,0.0
143887.29833462075,6.949883774135676,0.0,6.949883774135676,0.0
144112.70166537925,6.939013622282496,0.0,6.939013622282496,0.0
144500.0,6.920415224913495,0.0,6.920415224913495,0.0
144887.29833462075,6.901916258321524,0.0,6.901916258321524,0.0
145112.70166537925,6.8911955226768296,0.0,6.8911955226768296,0.0
145500.0,6.8728522336769755,0.0,6.8728522336769755,0.0
145887.29833462075,6.8546063393833405,0.0,6.8546063393833405,0.0
146112.70166537925,6.8440319602751245,0.0,6.8440319602751245,0.0
146500.0,6.825938566552901,0.0,6.825938566552901,0.0
146887.29833462075,6.80794058667974,0.0,6.80794058667974,0.0
147112.70166537925,6.797509587408623,0.0,6.797509587408623,0.0
147500.0,6.779661016949152,0.0,6.779661016949152,0.0
147887.29833462075,6.761905932836274,0.0,6.761905932836274,0.0
148112.70166537925,6.751615416881873,0.0,6.751615416881873,0.0
148500.0,6.734006734006734,0.0,6.734006734006734,0.0
148887.29833462075,6.716489661546032,0.0,6.716489661546032,0.0
149112.70166537925,6.706336809885448,0.0,6.706336809885448,0.0
149500.0,6.688963210702341,0.0,6.688963210702341,0.0
149887.29833462075,6.6716793958585985,0.0,6.6716793958585985,0.0
150112.70166537925,6.661661464391802,0.0,6.661661464391802,0.0
150500.0,6.644518272425249,0.0,6.644518272425249,0.0
150887.29833462075,6.627463086934682,0.0,6.627463086934682,0.0
151112.70166537925,6.617577404011866,0.0,6.617577404011866,0.0
151500.0,6.600660066006601,0.0,6.600660066006601,0.0
151887.29833462075,6.583829003244986,0.0,6.583829003244986,0.0
152112.70166537925,6.574072967291195,0.0,6.574072967291195,0.0
152500.0,6.557377049180328,0.0,6.557377049180328,0.0
152887.29833462075,6.540765720192949,0.0,6.540765720192949,0.0
153112.70166537925,6.5311367974255585,0.0,6.5311367974255585,0.0
153500.0,6.514657980456026,0.0,6.514657980456026,0.0
153887.29833462075,6.498262110142103,0.0,6.498262110142103,0.0
154112.70166537925,6.488757832376938,0.0,6.488757832376938,0.0
154500.0,6.472491909385114,0.0,6.472491909385114,0.0
154887.29833462075,6.456307332829743,0.0,6.456307332829743,0.0
155112.70166537925,6.4469252953718446,0.0,6.4469252953718446,0.0
155500.0,6.430868167202572,0.0,6.430868167202572,0.0
155887.29833462075,6.414890826149572,0.0,6.414890826149572,0.0
156112.70166537925,6.405628685764828,0.0,6.405628685764828,0.0
156500.0,6.389776357827476,0.0,6.389776357827476,0.0
156887.29833462075,6.374002297286849,0.0,6.374002297286849,0.0
157112.70166537925,6.364857770250896,0.0,6.364857770250896,0.0
157500.0,6.349206349206349,0.0,6.349206349206349,0.0
157887.29833462075,6.333631714190431,0.0,6.333631714190431,0.0
158112.70166537925,6.324602574411404,0.0,6.324602574411404,0.0
158500.0,6.309148264984227,0.0,6.309148264984227,0.0
158887.29833462075,6.293769297366831,0.0,6.293769297366831,0.0
159112.70166537925,6.284853374578746,0.0,6.284853374578746,0.0
159500.0,6.269592476489028,0.0,6.269592476489028,0.0
159887.29833462075,6.254405511982235,0.0,6.254405511982235,0.0
160112.70166537925,6.245600690005891,0.0,6.245600690005891,0.0
160500.0,6.230529595015576,0.0,6.230529595015576,0.0
160887.29833462075,6.215531060259054,0.0,6.215531060259054,0.0
161112.70166537925,6.206835275327552,0.0,6.206835275327552,0.0
161500.0,6.191950464396285,0.0,6.191950464396285,0.0
161887.29833462075,6.177136874154276,0.0,6.177136874154276,0.0
162112.70166537925,6.168548113300364,0.0,6.168548113300364,0.0
162500.0,6.153846153846154,0.0,6.153846153846154,0.0
162887.29833462075,6.139214108307522,0.0,6.139214108307522,0.0
163112.70166537925,6.130730407810114,0.0,6.130730407810114,0.0
163500.0,6.116207951070336,0.0,6.116207951070336,0.0
163887.29833462075,6.101754133247266,0.0,6.101754133247266,0.0
164112.70166537925,6.093373577134628,0.0,6.093373577134628,0.0
164500.0,6.079027355623101,0.0,6.079027355623101,0.0
164887.29833462075,6.0647485288442855,0.0,6.0647485288442855,0.0
165112.70166537925,6.056469247451479,0.0,6.056469247451479,0.0
165500.0,6.042296072507553,0.0,6.042296072507553,0.0
165887.29833462075,6.028189078001878,0.0,6.028189078001878,0.0
166112.70166537925,6.020009246580193,0.0,6.020009246580193,0.0
166500.0,6.006006006006006,0.0,6.006006006006006,0.0
166887.29833462075,5.9920677605729455,0.0,5.9920677605729455,0.0
167112.70166537925,5.983985597949136,0.0,5.983985597949136,0.0
167500.0,5.970149253731344,0.0,5.970149253731344,0.0
167887.29833462075,5.956376747494458,0.0,5.956376747494458,0.0
168112.70166537925,5.948390514777729,0.0,5.948390514777729,0.0
168500.0,5.9347181008902075,0.0,5.9347181008902075,0.0
168887.29833462075,5.921108395130309,0.0,5.921108395130309,0.0
169112.70166537925,5.913216394465064,0.0,5.913216394465064,0.0
169500.0,5.899705014749262,0.0,5.899705014749262,0.0
169887.29833462075,5.886255239813967,0.0,5.886255239813967,0.0
170112.70166537925,5.878455813176451,0.0,5.878455813176451,0.0
170500.0,5.865102639296188,0.0,5.865102639296188,0.0
170887.29833462075,5.851809992582731,0.0,5.851809992582731,0.0
171112.70166537925,5.844101520619771,0.0,5.844101520619771,0.0
171500.0,5.830903790087463,0.0,5.830903790087463,0.0
171887.29833462075,5.817765534095806,0.0,5.817765534095806,0.0
172112.70166537925,5.81014643500394,0.0,5.81014643500394,0.0
172500.0,5.797101449275362,0.0,5.797101449275362,0.0
172887.29833462075,5.7841149097287365,0.0,5.7841149097287365,0.0
173112.70166537925,5.776583638172112,0.0,5.776583638172112,0.0
173500.0,5.763688760806916,0.0,5.763688760806916,0.0
173887.29833462075,5.750851324837113,0.0,5.750851324837113,0.0
174112.70166537925,5.7434063709025835,0.0,5.7434063709025835,0.0
174500.0,5.730659025787966,0.0,5.730659025787966,0.0
174887.29833462075,5.717968140182767,0.0,5.717968140182767,0.0
175112.70166537925,5.710608028370712,0.0,5.710608028370712,0.0
175500.0,5.698005698005698,0.0,5.698005698005698,0.0
175887.29833462075,5.68545886751599,0.0,5.68545886751599,0.0
176112.70166537925,5.6781821557654455,0.0,5.6781821557654455,0.0
176500.0,5.665722379603399,0.0,5.665722379603399,0.0
176887.29833462075,5.6533171653076115,0.0,5.6533171653076115,0.0
177112.70166537925,5.64612244405435,0.0,5.64612244405435,0.0
177500.0,5.633802816901408,0.0,5.633802816901408,0.0
177887.29833462075,5.621536834625017,0.0,5.621536834625017,0.0
178112.70166537925,5.614422725891286,0.0,5.614422725891286,0.0
178500.0,5.602240896358543,0.0,5.602240896358543,0.0
178887.29833462075,5.590111815146499,0.0,5.590111815146499,0.0
179112.70166537925,5.583076971661192,0.0,5.583076971661192,0.0
179500.0,5.571030640668524,0.0,5.571030640668524,0.0
179887.29833462075,5.559036181308539,0.0,5.559036181308539,0.0
180112.70166537925,5.552079285656605,0.0,5.552079285656605,0.0
180500.0,5.54016620498615,0.0,5.54016620498615,0.0
180887.29833462075,5.52830413858089,0.0,5.52830413858089,0.0
181112.70166537925,5.5214239023808664,0.0,5.5214239023808664,0.0
181500.0,5.509641873278237,0.0,5.509641873278237,0.0
181887.29833462075,5.497910019864528,0.0,5.497910019864528,0.0
182112.70166537925,5.4911051829731115,0.0,5.4911051829731115,0.0
182500.0,5.47945205479452,0.0,5.47945205479452,0.0
182887.29833462075,5.467848282007778,0.0,5.467848282007778,0.0
183112.70166537925,5.461117611750403,0.0,5.461117611750403,0.0
183500.0,5.449591280653951,0.0,5.449591280653951,0.0
183887.29833462075,5.438113502436119,0.0,5.438113502436119,0.0
184112.70166537925,5.4314557928625575,0.0,5.4314557928625575,0.0
184500.0,5.420054200542006,0.0,5.420054200542006,0.0
184887.29833462075,5.408700375891353,0.0,5.408700375891353,0.0
185112.70166537925,5.402114447055392,0.0,5.402114447055392,0.0
185500.0,5.390835579514825,0.0,5.390835579514825,0.0
185887.29833462075,5.379603711276028,0.0,5.379603711276028,0.0
186112.70166537925,5.3730884085383215,0.0,5.3730884085383215,0.0
186500.0,5.361930294906166,0.0,5.361930294906166,0.0
186887.29833462075,5.350818428599172,0.0,5.350818428599172,0.0
187112.70166537925,5.3443726219524,0.0,5.3443726219524,0.0
187500.0,5.333333333333333,0.0,5.333333333333333,0.0
187887.29833462075,5.32233955601956,0.0,5.32233955601956,0.0
188112.70166537925,5.315962139435067,0.0,5.315962139435067,0.0
188500.0,5.305039787798409,0.0,5.305039787798409,0.0
188887.29833462075,5.2941622269829045,0.0,5.2941622269829045,0.0
189112.70166537925,5.287852117778027,0.0,5.287852117778027,0.0
189500.0,5.277044854881266,0.0,5.277044854881266,0.0
189887.29833462075,5.266281677449499,0.0,5.266281677449499,0.0
190112.70166537925,5.260037815674819,0.0,5.260037815674819,0.0
190500.0,5.2493438320209975,0.0,5.2493438320209975,0.0
190887.29833462075,5.238693243209009,0.0,5.238693243209009,0.0
191112.70166537925,5.232514591054801,0.0,5.232514591054801,0.0
191500.0,5.221932114882507,0.0,5.221932114882507,0.0
191887.29833462075,5.21139235727922,0.0,5.21139235727922,0.0
192112.70166537925,5.205277898500402,0.0,5.205277898500402,0.0
192500.0,5.194805194805195,0.0,5.194805194805195,0.0
192887.29833462075,5.1843745473857,0.0,5.1843745473857,0.0
193112.70166537925,5.178323286744621,0.0,5.178323286744621,0.0
193500.0,5.167958656330749,0.0,5.167958656330749,0.0
193887.29833462075,5.157635433519467,0.0,5.157635433519467,0.0
194112.70166537925,5.151646396245867,0.0,5.151646396245867,0.0
194500.0,5.141388174807198,0.0,5.141388174807198,0.0
194887.29833462075,5.131170725569831,0.0,5.131170725569831,0.0
195112.70166537925,5.125242956837391,0.0,5.125242956837391,0.0
195500.0,5.115089514066496,0.0,5.115089514066496,0.0
195887.29833462075,5.1049762210297525,0.0,5.1049762210297525,0.0
196112.70166537925,5.099108785448622,0.0,5.099108785448622,0.0
196500.0,5.089058524173028,0.0,5.089058524173028,0.0
196887.29833462075,5.079047802771132,0.0,5.079047802771132,0.0
197112.70166537925,5.073239783895871,0.0,5.073239783895871,0.0
197500.0,5.063291139240507,0.0,5.063291139240507,0.0
197887.29833462075,5.053381436887545,0.0,5.053381436887545,0.0
198112.70166537925,5.047631936739939,0.0,5.047631936739939,0.0
198500.0,5.037783375314861,0.0,5.037783375314861,0.0
198887.29833462075,5.027973170602055,0.0,5.027973170602055,0.0
199112.70166537925,5.022281309208287,0.0,5.022281309208287,0.0
199500.0,5.012531328320802,0.0,5.012531328320802,0.0
199887.29833462075,5.002819130237845,0.0,5.002819130237845,0.0
200112.70166537925,4.997184045179508,0.0,4.997184045179508,0.0
200500.0,4.987531172069826,0.0,4.987531172069826,0.0
200887.29833462075,4.977915519249436,0.0,4.977915519249436,0.0
201112.70166537925,4.9723363652279255,0.0,4.9723363652279255,0.0
201500.0,4.962779156327543,0.0,4.962779156327543,0.0
201887.29833462075,4.953258616312438,0.0,4.953258616312438,0.0
202112.70166537925,4.947734564726242,0.0,4.947734564726242,0.0
202500.0,4.938271604938271,0.0,4.938271604938271,0.0
202887.29833462075,4.928844773469782,0.0,4.928844773469782,0.0
203112.70166537925,4.923375012004239,0.0,4.923375012004239,0.0
203500.0,4.914004914004914,0.0,4.914004914004914,0.0
203887.29833462075,4.904670414332508,0.0,4.904670414332508,0.0
204112.70166537925,4.899254146561599,0.0,4.899254146561599,0.0
204500.0,4.88997555012225,0.0,4.88997555012225,0.0
204887.29833462075,4.880732032333238,0.0,4.880732032333238,0.0
205112.70166537925,4.87536847733301,0.0,4.87536847733301,0.0
205500.0,4.866180048661801,0.0,4.866180048661801,0.0
205887.29833462075,4.857026189030555,0.0,4.857026189030555,0.0
206112.70166537925,4.851714581003767,0.0,4.851714581003767,0.0
206500.0,4.842615012106537,0.0,4.842615012106537,0.0
206887.29833462075,4.8335495124625485,0.0,4.8335495124625485,0.0
207112.70166537925,4.828289100374181,0.0,4.828289100374181,0.0
207500.0,4.819277108433735,0.0,4.819277108433735,0.0
207887.29833462075,4.810298695547884,0.0,4.810298695547884,0.0
208112.70166537925,4.805088742771128,0.0,4.805088742771128,0.0
208500.0,4.796163069544365,0.0,4.796163069544365,0.0
208887.29833462075,4.787270494532798,0.0,4.787270494532798,0.0
209112.70166537925,4.7821102785051925,0.0,4.7821102785051925,0.0
209500.0,4.77326968973747,0.0,4.77326968973747,0.0
209887.29833462075,4.76446172748249,0.0,4.76446172748249,0.0
210112.70166537925,4.759350539371853,0.0,4.759350539371853,0.0
210500.0,4.750593824228028,0.0,4.750593824228028,0.0
210887.29833462075,4.741869272815436,0.0,4.741869272815436,0.0
211112.70166537925,4.736806417195274,0.0,4.736806417195274,0.0
211500.0,4.7281323877068555,0.0,4.7281323877068555,0.0
211887.29833462075,4.719490067879202,0.0,4.719490067879202,0.0
212112.70166537925,4.714474862413289,0.0,4.714474862413289,0.0
212500.0,4.705882352941177,0.0,4.705882352941177,0.0
212887.29833462075,4.697321107566403,0.0,4.697321107566403,0.0
213112.70166537925,4.692352882702218,0.0,4.692352882702218,0.0
213500.0,4.68384074941452,0.0,4.68384074941452,0.0
213887.29833462075,4.675359442969483,0.0,4.675359442969483,0.0
214112.70166537925,4.670437541640221,0.0,4.670437541640221,0.0
214500.0,4.662004662004662,0.0,4.662004662004662,0.0
214887.29833462075,4.6536021800730545,0.0,4.6536021800730545,0.0
215112.70166537925,4.648725957407946,0.0,4.648725957407946,0.0
215500.0,4.640371229698376,0.0,4.640371229698376,0.0
215887.29833462075,4.6320464784825885,0.0,4.6320464784825885,0.0
216112.70166537925,4.62721530152523,0.0,4.62721530152523,0.0
216500.0,4.618937644341801,0.0,4.618937644341801,0.0
216887.29833462075,4.610689550188263,0.0,4.610689550188263,0.0
217112.70166537925,4.605902797622733,0.0,4.605902797622733,0.0
217500.0,4.597701149425287,0.0,4.597701149425287,0.0
217887.29833462075,4.589528658362859,0.0,4.589528658362859,0.0
218112.70166537925,4.5847857202473445,0.0,4.5847857202473445,0.0
218500.0,4.576659038901602,0.0,4.576659038901602,0.0
218887.29833462075,4.568561116192611,0.0,4.568561116192611,0.0
219112.70166537925,4.563861393700319,0.0,4.563861393700319,0.0
219500.0,4.555808656036446,0.0,4.555808656036446,0.0
219887.29833462075,4.547784285739947,0.0,4.547784285739947,0.0
220112.70166537925,4.543127190907068,0.0,4.543127190907068,0.0
220500.0,4.535147392290249,0.0,4.535147392290249,0.0
220887.29833462075,4.527195576837136,0.0,4.527195576837136,0.0
221112.70166537925,4.522580532317629,0.0,4.522580532317629,0.0
221500.0,4.514672686230249,0.0,4.514672686230249,0.0
221887.29833462075,4.506792446009838,0.0,4.506792446009838,0.0
222112.70166537925,4.502218884836833,0.0,4.502218884836833,0.0
222500.0,4.49438202247191,0.0,4.49438202247191,0.0
222887.29833462075,4.486572395429639,0.0,4.486572395429639,0.0
223112.70166537925,4.482039760783246,0.0,4.482039760783246,0.0
223500.0,4.47427293064877,0.0,4.47427293064877,0.0
223887.29833462075,4.46653297189466,0.0,4.46653297189466,0.0
224112.70166537925,4.462040716875974,0.0,4.462040716875974,0.0
224500.0,4.4543429844097995,0.0,4.4543429844097995,0.0
224887.29833462075,4.446671765837355,0.0,4.446671765837355,0.0
225112.70166537925,4.442219353248484,0.0,4.442219353248484,0.0
225500.0,4.434589800443459,0.0,4.434589800443459,0.0
225887.29833462075,4.426986410358667,0.0,4.426986410358667,0.0
226112.70166537925,4.422573312488587,0.0,4.422573312488587,0.0
226500.0,4.415011037527594,0.0,4.415011037527594,0.0
226887.29833462075,4.407474580287732,0.0,4.407474580287732,0.0
227112.70166537925,4.403100278703781,0.0,4.403100278703781,0.0
227500.0,4.395604395604396,0.0,4.395604395604396,0.0
227887.29833462075,4.388133991266329,0.0,4.388133991266329,0.0
228112.70166537925,4.383797976611183,0.0,4.383797976611183,0.0
228500.0,4.3763676148796495,0.0,4.3763676148796495,0.0
228887.29833462075,4.368962398857339,0.0,4.368962398857339,0.0
229112.70166537925,4.364664170651294,0.0,4.364664170651294,0.0
229500.0,4.357298474945534,0.0,4.357298474945534,0.0
229887.29833462075,4.349957597676466,0.0,4.349957597676466,0.0
230112.70166537925,4.34569666412487,0.0,4.34569666412487,0.0
230500.0,4.3383947939262475,0.0,4.3383947939262475,0.0
230887.29833462075,4.331117420546531,0.0,4.331117420546531,0.0
231112.70166537925,4.326893298352196,0.0,4.326893298352196,0.0
231500.0,4.319654427645788,0.0,4.319654427645788,0.0
231887.29833462075,4.312439737673635,0.0,4.312439737673635,0.0
232112.70166537925,4.308251951854106,0.0,4.308251951854106,0.0
232500.0,4.301075268817204,0.0,4.301075268817204,0.0
232887.29833462075,4.293922455844562,0.0,4.293922455844562,0.0
233112.70166537925,4.289770539554066,0.0,4.289770539554066,0.0
233500.0,4.282655246252677,0.0,4.282655246252677,0.0
233887.29833462075,4.275563517644758,0.0,4.275563517644758,0.0
234112.70166537925,4.271447012000719,0.0,4.271447012000719,0.0
234500.0,4.264392324093817,0.0,4.264392324093817,0.0
234887.29833462075,4.257360900696294,0.0,4.257360900696294,0.0
235112.70166537925,4.253279354610265,0.0,4.253279354610265,0.0
235500.0,4.246284501061571,0.0,4.246284501061571,0.0
235887.29833462075,4.23931261691521,0.0,4.23931261691521,0.0
236112.70166537925,4.235265586928092,0.0,4.235265586928092,0.0
236500.0,4.2283298097251585,0.0,4.2283298097251585,0.0
236887.29833462075,4.221416711787672,0.0,4.221416711787672,0.0
237112.70166537925,4.217403761909098,0.0,4.217403761909098,0.0
237500.0,4.2105263157894735,0.0,4.2105263157894735,0.0
237887.29833462075,4.203671263664377,0.0,4.203671263664377,0.0
238112.70166537925,4.199691965216136,0.0,4.199691965216136,0.0
238500.0,4.1928721174004195,0.0,4.1928721174004195,0.0
238887.29833462075,4.186074383072693,0.0,4.186074383072693,0.0
239112.70166537925,4.182128314536076,0.0,4.182128314536076,0.0
239500.0,4.175365344467641,0.0,4.175365344467641,0.0
239887.29833462075,4.168624212045991,0.0,4.168624212045991,0.0
240112.70166537925,4.164710958912947,0.0,4.164710958912947,0.0
240500.0,4.158004158004158,0.0,4.158004158004158,0.0
240887.29833462075,4.151318923469691,0.0,4.151318923469691,0.0
241112.70166537925,4.1474380780976805,0.0,4.1474380780976805,0.0
241500.0,4.140786749482402,0.0,4.140786749482402,0.0
241887.29833462075,4.134156720443524,0.0,4.134156720443524,0.0
242112.70166537925,4.130307881913964,0.0,4.130307881913964,0.0
242500.0,4.123711340206185,0.0,4.123711340206185,0.0
242887.29833462075,4.117135835659553,0.0,4.117135835659553,0.0
243112.70166537925,4.113318609639745,0.0,4.113318609639745,0.0
243500.0,4.1067761806981515,0.0,4.1067761806981515,0.0
243887.29833462075,4.10025453079549,0.0,4.10025453079549,0.0
244112.70166537925,4.0964685294039445,0.0,4.0964685294039445,0.0
244500.0,4.08997955010225,0.0,4.08997955010225,0.0
244887.29833462075,4.083511095922878,0.0,4.083511095922878,0.0
245112.70166537925,4.079755937597926,0.0,4.079755937597926,0.0
245500.0,4.0733197556008145,0.0,4.0733197556008145,0.0
245887.29833462075,4.066903848929722,0.0,4.066903848929722,0.0
246112.70166537925,4.063179158301322,0.0,4.063179158301322,0.0
246500.0,4.056795131845842,0.0,4.056795131845842,0.0
246887.29833462075,4.05043113495714,0.0,4.05043113495714,0.0
247112.70166537925,4.046736542721798,0.0,4.046736542721798,0.0
247500.0,4.040404040404041,0.0,4.040404040404041,0.0
247887.29833462075,4.0340913258496585,0.0,4.0340913258496585,0.0
248112.70166537925,4.030426468648366,0.0,4.030426468648366,0.0
248500.0,4.0241448692152915,0.0,4.0241448692152915,0.0
248887.29833462075,4.0178828196187535,0.0,4.0178828196187535,0.0
249112.70166537925,4.014247339917859,0.0,4.014247339917859,0.0
249500.0,4.008016032064128,0.0,4.008016032064128,0.0
249887.29833462075,4.001804039919281,0.0,4.001804039919281,0.0
250112.70166537925,3.998197585894218,0.0,3.998197585894218,0.0
250500.0,3.992015968063872,0.0,3.992015968063872,0.0
250887.29833462075,3.9858534355384174,0.0,3.9858534355384174,0.0
251112.70166537925,3.9822756609602012,0.0,3.9822756609602012,0.0
251500.0,3.9761431411530817,0.0,3.9761431411530817,0.0
251887.29833462075,3.970029479896782,0.0,3.970029479896782,0.0
252112.70166537925,3.9664800440212113,0.0,3.9664800440212113,0.0
252500.0,3.9603960396039604,0.0,3.9603960396039604,0.0
252887.29833462075,3.954330670561393,0.0,3.954330670561393,0.0
253112.70166537925,3.950809238020867,0.0,3.950809238020867,0.0
253500.0,3.9447731755424065,0.0,3.9447731755424065,0.0
253887.29833462075,3.9387555287701344,0.0,3.9387555287701344,0.0
254112.70166537925,3.9352617694680223,0.0,3.9352617694680223,0.0
254500.0,3.9292730844793713,0.0,3.9292730844793713,0.0
254887.29833462075,3.923302598967413,0.0,3.923302598967413,0.0
255112.70166537925,3.9198361879749073,0.0,3.9198361879749073,0.0
255500.0,3.9138943248532287,0.0,3.9138943248532287,0.0
255887.29833462075,3.907970448350711,0.0,3.907970448350711,0.0
256112.70166537925,3.9045310658060886,0.0,3.9045310658060886,0.0
256500.0,3.898635477582846,0.0,3.898635477582846,0.0
256887.29833462075,3.892757666427721,0.0,3.892757666427721,0.0
257112.70166537925,3.8893449974379544,0.0,3.8893449974379544,0.0
257500.0,3.883495145631068,0.0,3.883495145631068,0.0
257887.29833462075,3.8776628645837903,0.0,3.8776628645837903,0.0
258112.70166537925,3.8742765991284434,0.0,3.8742765991284434,0.0
258500.0,3.8684719535783367,0.0,3.8684719535783367,0.0
258887.29833462075,3.862684675659389,0.0,3.862684675659389,0.0
259112.70166537925,3.8593245084967314,0.0,3.8593245084967314,0.0
259500.0,3.8535645472061657,0.0,3.8535645472061657,0.0
259887.29833462075,3.8478217535373314,0.0,3.8478217535373314,0.0
260112.70166537925,3.844487384112619,0.0,3.844487384112619,0.0
260500.0,3.838771593090211,0.0,3.838771593090211,0.0
260887.29833462075,3.833072772739493,0.0,3.833072772739493,0.0
261112.70166537925,3.82976390509535,0.0,3.82976390509535,0.0
261500.0,3.8240917782026767,0.0,3.8240917782026767,0.0
261887.29833462075,3.8184364280327636,0.0,3.8184364280327636,0.0
262112.70166537925,3.815152770721616,0.0,3.815152770721616,0.0
262500.0,3.8095238095238093,0.0,3.8095238095238093,0.0
262887.2983346207,3.803911434044,0.0,3.803911434044,0.0
263112.7016653793,3.800652700042498,0.0,3.800652700042498,0.0
263500.0,3.795066413662239,0.0,3.795066413662239,0.0
263887.2983346207,3.789496524883725,0.0,3.789496524883725,0.0
264112.7016653793,3.786262431509113,0.0,3.786262431509113,0.0
264500.0,3.780718336483932,0.0,3.780718336483932,0.0
264887.2983346207,3.775190453778358,0.0,3.775190453778358,0.0
265112.7016653793,3.771980722606731,0.0,3.771980722606731,0.0
265500.0,3.766478342749529,0.0,3.766478342749529,0.0
265887.2983346207,3.760991992710739,0.0,3.760991992710739,0.0
266112.7016653793,3.7578063494971383,0.0,3.7578063494971383,0.0
266500.0,3.75234521575985,0.0,3.75234521575985,0.0
266887.2983346207,3.7468999320687404,0.0,3.7468999320687404,0.0
267112.7016653793,3.743738106669043,0.0,3.743738106669043,0.0
267500.0,3.7383177570093458,0.0,3.7383177570093458,0.0
267887.2983346207,3.7329130803017394,0.0,3.7329130803017394,0.0
268112.7016653793,3.7297748065962946,0.0,3.7297748065962946,0.0
268500.0,3.7243947858473,0.0,3.7243947858473,0.0
268887.2983346207,3.7190302635847656,0.0,3.7190302635847656,0.0
269112.7016653793,3.715915279403728,0.0,3.715915279403728,0.0
269500.0,3.7105751391465676,0.0,3.7105751391465676,0.0
269887.2983346207,3.705250325490111,0.0,3.705250325490111,0.0
270112.7016653793,3.7021583725404326,0.0,3.7021583725404326,0.0
270500.0,3.6968576709796674,0.0,3.6968576709796674,0.0
270887.2983346207,3.6915721266662103,0.0,3.6915721266662103,0.0
271112.7016653793,3.6885029504602462,0.0,3.6885029504602462,0.0
271500.0,3.6832412523020257,0.0,3.6832412523020257,0.0
271887.2983346207,3.677994544523617,0.0,3.677994544523617,0.0
272112.7016653793,3.6749478943092986,0.0,3.6749478943092986,0.0
272500.0,3.669724770642202,0.0,3.669724770642202,0.0
272887.2983346207,3.664516472927871,0.0,3.664516472927871,0.0
273112.7016653793,3.6614921016204187,0.0,3.6614921016204187,0.0
273500.0,3.656307129798903,0.0,3.656307129798903,0.0
273887.2983346207,3.651136821899108,0.0,3.651136821899108,0.0
274112.7016653793,3.6481344860142286,0.0,3.6481344860142286,0.0
274500.0,3.6429872495446265,0.0,3.6429872495446265,0.0
274887.2983346207,3.6378545173182157,0.0,3.6378545173182157,0.0
275112.7016653793,3.6348739769067593,0.0,3.6348739769067593,0.0
275500.0,3.629764065335753,0.0,3.629764065335753,0.0
275887.2983346207,3.6246685006393835,0.0,3.6246685006393835,0.0
276112.7016653793,3.6217095192234185,0.0,3.6217095192234185,0.0
276500.0,3.616636528028933,0.0,3.616636528028933,0.0
276887.2983346207,3.6115777286088844,0.0,3.6115777286088844,0.0
277112.7016653793,3.608640073119152,0.0,3.608640073119152,0.0
277500.0,3.6036036036036037,0.0,3.6036036036036037,0.0
277887.2983346207,3.5985811729899226,0.0,3.5985811729899226,0.0
278112.7016653793,3.5956646137046406,0.0,3.5956646137046406,0.0
278500.0,3.5906642728904847,0.0,3.5906642728904847,0.0
278887.2983346207,3.5856778202934074,0.0,3.5856778202934074,0.0
279112.7016653793,3.5827821307783876,0.0,3.5827821307783876,0.0
279500.0,3.5778175313059033,0.0,3.5778175313059033,0.0
279887.2983346207,3.5728666715144923,0.0,3.5728666715144923,0.0
280112.7016653793,3.569991628564538,0.0,3.569991628564538,0.0
280500.0,3.5650623885918002,0.0,3.5650623885918002,0.0
280887.2983346207,3.560146741874747,0.0,3.560146741874747,0.0
281112.7016653793,3.557292125456301,0.0,3.557292125456301,0.0
281500.0,3.552397868561279,0.0,3.552397868561279,0.0
281887.2983346207,3.547517060569814,0.0,3.547517060569814,0.0
282112.7016653793,3.5446826537648213,0.0,3.5446826537648213,0.0
282500.0,3.5398230088495577,0.0,3.5398230088495577,0.0
282887.2983346207,3.5349766705224197,0.0,3.5349766705224197,0.0
283112.7016653793,3.5321622594733832,0.0,3.5321622594733832,0.0
283500.0,3.527336860670194,0.0,3.527336860670194,0.0
283887.2983346207,3.522524628140602,0.0,3.522524628140602,0.0
284112.7016653793,3.5197300019967943,0.0,3.5197300019967943,0.0
284500.0,3.51493848857645,0.0,3.51493848857645,0.0
284887.2983346207,3.510160003081035,0.0,3.510160003081035,0.0
285112.7016653793,3.507384953945839,0.0,3.507384953945839,0.0
285500.0,3.502626970227671,0.0,3.502626970227671,0.0
285887.2983346207,3.4978818780173166,0.0,3.4978818780173166,0.0
286112.7016653793,3.495126200896672,0.0,3.495126200896672,0.0
286500.0,3.4904013961605584,0.0,3.4904013961605584,0.0
286887.2983346207,3.4856893484131044,0.0,3.4856893484131044,0.0
287112.7016653793,3.482952841165029,0.0,3.482952841165029,0.0
287500.0,3.4782608695652173,0.0,3.4782608695652173,0.0
287887.2983346207,3.4735815222999786,0.0,3.4735815222999786,0.0
288112.7016653793,3.4708639855851375,0.0,3.4708639855851375,0.0
288500.0,3.466204506065858,0.0,3.466204506065858,0.0
288887.2983346207,3.46155752005992,0.0,3.46155752005992,0.0
289112.7016653793,3.4588587572932226,0.0,3.4588587572932226,0.0
289500.0,3.454231433506045,0.0,3.454231433506045,0.0
289887.2983346207,3.449616474212288,0.0,3.449616474212288,0.0
290112.7016653793,3.4469362915154824,0.0,3.4469362915154824,0.0
290500.0,3.442340791738382,0.0,3.442340791738382,0.0
290887.2983346207,3.4377575292051943,0.0,3.4377575292051943,0.0
291112.7016653793,3.4350957353604383,0.0,3.4350957353604383,0.0
291500.0,3.4305317324185247,0.0,3.4305317324185247,0.0
291887.2983346207,3.4259798412111655,0.0,3.4259798412111655,0.0
292112.7016653793,3.4233362476155493,0.0,3.4233362476155493,0.0
292500.0,3.4188034188034186,0.0,3.4188034188034186,0.0
292887.2983346207,3.4142825779269894,0.0,3.4142825779269894,0.0
293112.7016653793,3.411656998547989,0.0,3.411656998547989,0.0
293500.0,3.4071550255536627,0.0,3.4071550255536627,0.0
293887.2983346207,3.402664918377649,0.0,3.402664918377649,0.0
294112.7016653793,3.4000571697094863,0.0,3.4000571697094863,0.0
294500.0,3.395585738539898,0.0,3.395585738539898,0.0
294887.2983346207,3.391126052724248,0.0,3.391126052724248,0.0
295112.7016653793,3.3885359537451367,0.0,3.3885359537451367,0.0
295500.0,3.3840947546531304,0.0,3.3840947546531304,0.0
295887.2983346207,3.3796651820758252,0.0,3.3796651820758252,0.0
296112.7016653793,3.3770925542060843,0.0,3.3770925542060843,0.0
296500.0,3.372681281618887,0.0,3.372681281618887,0.0
296887.2983346207,3.3682815183049803,0.0,3.3682815183049803,0.0
297112.7016653793,3.3657261853659883,0.0,3.3657261853659883,0.0
297500.0,3.361344537815126,0.0,3.361344537815126,0.0
297887.2983346207,3.3569742838672054,0.0,3.3569742838672054,0.0
298112.7016653793,3.3544360720411834,0.0,3.3544360720411834,0.0
298500.0,3.3500837520938025,0.0,3.3500837520938025,0.0
298887.2983346207,3.3457427116238483,0.0,3.3457427116238483,0.0
299112.7016653793,3.343221449414446,0.0,3.343221449414446,0.0
299500.0,3.33889816360601,0.0,3.33889816360601,0.0
299887.2983346207,3.3345860446686157,0.0,3.3345860446686157,0.0
300112.7016653793,3.332081562862286,0.0,3.332081562862286,0.0
300500.0,3.327787021630616,0.0,3.327787021630616,0.0
300887.2983346207,3.323503536157538,0.0,3.323503536157538,0.0
301112.7016653793,3.3210156677856806,0.0,3.3210156677856806,0.0
301500.0,3.316749585406302,0.0,3.316749585406302,0.0
301887.2983346207,3.312494449142311,0.0,3.312494449142311,0.0
302112.7016653793,3.310023029444165,0.0,3.310023029444165,0.0
302500.0,3.3057851239669422,0.0,3.3057851239669422,0.0
302887.2983346207,3.301558056406942,0.0,3.301558056406942,0.0
303112.7016653793,3.299102922793213,0.0,3.299102922793213,0.0
303500.0,3.2948929159802307,0.0,3.2948929159802307,0.0
303887.2983346207,3.2906936403076172,0.0,3.2906936403076172,0.0
304112.7016653793,3.288254632324822,0.0,3.288254632324822,0.0
304500.0,3.284072249589491,0.0,3.284072249589491,0.0
304887.2983346207,3.279900492615725,0.0,3.279900492615725,0.0
305112.7016653793,3.2774774519112344,0.0,3.2774774519112344,0.0
305500.0,3.2733224222585924,0.0,3.2733224222585924,0.0
305887.2983346207,3.2691779143639543,0.0,3.2691779143639543,0.0
306112.7016653793,3.266770684651724,0.0,3.266770684651724,0.0
306500.0,3.2626427406199023,0.0,3.2626427406199023,0.0
306887.2983346207,3.2585252156954048,0.0,3.2585252156954048,0.0
307112.7016653793,3.25613364272237,0.0,3.25613364272237,0.0
307500.0,3.252032520325203,0.0,3.252032520325203,0.0
307887.2983346207,3.2479417157156365,0.0,3.2479417157156365,0.0
308112.7016653793,3.245565647228765,0.0,3.245565647228765,0.0
308500.0,3.2414910858995136,0.0,3.2414910858995136,0.0
308887.2983346207,3.2374267423475924,0.0,3.2374267423475924,0.0
309112.7016653793,3.235066028061571,0.0,3.235066028061571,0.0
309500.0,3.231017770597738,0.0,3.231017770597738,0.0
309887.2983346207,3.2269796321893316,0.0,3.2269796321893316,0.0
310112.7016653793,3.2246341237548837,0.0,3.2246341237548837,0.0
310500.0,3.2206119162640903,0.0,3.2206119162640903,0.0
310887.2983346207,3.216599730374507,0.0,3.216599730374507,0.0
311112.7016653793,3.214269281347314,0.0,3.214269281347314,0.0
311500.0,3.2102728731942216,0.0,3.2102728731942216,0.0
311887.2983346207,3.2062863904355288,0.0,3.2062863904355288,0.0
312112.7016653793,3.203970856245751,0.0,3.203970856245751,0.0
312500.0,3.2,0.0,3.2,0.0
312887.2983346207,3.196038974169348,0.0,3.196038974169348,0.0
313112.7016653793,3.193738212091731,0.0,3.193738212091731,0.0
313500.0,3.189792663476874,0.0,3.189792663476874,0.0
313887.2983346207,3.185856851505811,0.0,3.185856851505811,0.0
314112.7016653793,3.1835707206303576,0.0,3.1835707206303576,0.0
314500.0,3.179650238473768,0.0,3.179650238473768,0.0
314887.2983346207,3.1757394003785184,0.0,3.1757394003785184,0.0
315112.7016653793,3.1734677615817217,0.0,3.1734677615817217,0.0
315500.0,3.1695721077654517,0.0,3.1695721077654517,0.0
315887.2983346207,3.1656860065981376,0.0,3.1656860065981376,0.0
316112.7016653793,3.1634287225147593,0.0,3.1634287225147593,0.0
316500.0,3.1595576619273302,0.0,3.1595576619273302,0.0
316887.2983346207,3.155696063728117,0.0,3.155696063728117,0.0
317112.7016653793,3.153452998723497,0.0,3.153452998723497,0.0
317500.0,3.1496062992125986,0.0,3.1496062992125986,0.0
317887.2983346207,3.14576897296274,0.0,3.14576897296274,0.0
318112.7016653793,3.1435399931056307,0.0,3.1435399931056307,0.0
318500.0,3.1397174254317113,0.0,3.1397174254317113,0.0
318887.2983346207,3.135904143007482,0.0,3.135904143007482,0.0
319112.7016653793,3.1336891160433886,0.0,3.1336891160433886,0.0
319500.0,3.1298904538341157,0.0,3.1298904538341157,0.0
319887.2983346207,3.1261009899616017,0.0,3.1261009899616017,0.0
320112.7016653793,3.1238997852866257,0.0,3.1238997852866257,0.0
320500.0,3.1201248049921997,0.0,3.1201248049921997,0.0
320887.2983346207,3.1163589372029357,0.0,3.1163589372029357,0.0
321112.7016653793,3.114171425838104,0.0,3.114171425838104,0.0
321500.0,3.1104199066874028,0.0,3.1104199066874028,0.0
321887.2983346207,3.1066774152748375,0.0,3.1066774152748375,0.0
322112.7016653793,3.1045034698409104,0.0,3.1045034698409104,0.0
322500.0,3.10077519379845,0.0,3.10077519379845,0.0
322887.2983346207,3.0970558617752157,0.0,3.0970558617752157,0.0
323112.7016653793,3.094895356467961,0.0,3.094895356467961,0.0
323500.0,3.091190108191654,0.0,3.091190108191654,0.0
323887.2983346207,3.0874937212476317,0.0,3.0874937212476317,0.0
324112.7016653793,3.0853465318135567,0.0,3.0853465318135567,0.0
324500.0,3.0816640986132513,0.0,3.0816640986132513,0.0
324887.2983346207,3.0779904450744042,0.0,3.0779904450744042,0.0
325112.7016653793,3.0758564487869355,0.0,3.0758564487869355,0.0
325500.0,3.0721966205837172,0.0,3.0721966205837172,0.0
325887.2983346207,3.0685454913716863,0.0,3.0685454913716863,0.0
326112.7016653793,3.066424567007786,0.0,3.066424567007786,0.0
326500.0,3.0627871362940278,0.0,3.0627871362940278,0.0
326887.2983346207,3.0591583248864636,0.0,3.0591583248864636,0.0
327112.7016653793,3.057050352703676,0.0,3.057050352703676,0.0
327500.0,3.053435114503817,0.0,3.053435114503817,0.0
327887.2983346207,3.049828416895443,0.0,3.049828416895443,0.0
328112.7016653793,3.0477332786093565,0.0,3.0477332786093565,0.0
328500.0,3.0441400304414,0.0,3.0441400304414,0.0
328887.2983346207,3.0405552451057787,0.0,3.0405552451057787,0.0
329112.7016653793,3.0384728238679037,0.0,3.0384728238679037,0.0
329500.0,3.0349013657056148,0.0,3.0349013657056148,0.0
329887.2983346207,3.031338293557612,0.0,3.031338293557612,0.0
330112.7016653793,3.029268473933657,0.0,3.029268473933657,0.0
330500.0,3.02571860816944,0.0,3.02571860816944,0.0
330887.2983346207,3.0221770525283715,0.0,3.0221770525283715,0.0
331112.7016653793,3.020119720476911,0.0,3.020119720476911,0.0
331500.0,3.0165912518853695,0.0,3.0165912518853695,0.0
331887.2983346207,3.0130710184388074,0.0,3.0130710184388074,0.0
332112.7016653793,3.011026061290338,0.0,3.011026061290338,0.0
332500.0,3.007518796992481,0.0,3.007518796992481,0.0
332887.2983346207,3.0040196937607178,0.0,3.0040196937607178,0.0
333112.7016653793,3.0019870001970896,0.0,3.0019870001970896,0.0
333500.0,2.998500749625187,0.0,2.998500749625187,0.0
333887.2983346207,2.995022586926333,0.0,2.995022586926333,0.0
334112.7016653793,2.9930020469605507,0.0,2.9930020469605507,0.0
334500.0,2.9895366218236172,0.0,2.9895366218236172,0.0
334887.2983346207,2.986079212239325,0.0,2.986079212239325,0.0
335112.7016653793,2.984070717195709,0.0,2.984070717195709,0.0
335500.0,2.9806259314456036,0.0,2.9806259314456036,0.0
335887.2983346207,2.977189089787405,0.0,2.977189089787405,0.0
336112.7016653793,2.9751925322821067,0.0,2.9751925322821067,0.0
336500.0,2.971768202080238,0.0,2.971768202080238,0.0
336887.2983346207,2.968351745356478,0.0,2.968351745356478,0.0
337112.7016653793,2.9663670192783416,0.0,2.9663670192783416,0.0
337500.0,2.962962962962963,0.0,2.962962962962963,0.0
337887.2983346207,2.959566710346323,0.0,2.959566710346323,0.0
338112.7016653793,2.9575937108380868,0.0,2.9575937108380868,0.0
338500.0,2.9542097488921715,0.0,2.9542097488921715,0.0
338887.2983346207,2.9508335216877617,0.0,2.9508335216877617,0.0
339112.7016653793,2.9488721451275914,0.0,2.9488721451275914,0.0
339500.0,2.9455081001472756,0.0,2.9455081001472756,0.0
339887.2983346207,2.942151721761297,0.0,2.942151721761297,0.0
340112.7016653793,2.940201865744645,0.0,2.940201865744645,0.0
340500.0,2.9368575624082234,0.0,2.9368575624082234,0.0
340887.2983346207,2.9335208583171766,0.0,2.9335208583171766,0.0
341112.7016653793,2.931582421638958,0.0,2.931582421638958,0.0
341500.0,2.9282576866764276,0.0,2.9282576866764276,0.0
341887.2983346207,2.924940484396862,0.0,2.924940484396862,0.0
342112.7016653793,2.9230133670339455,0.0,2.9230133670339455,0.0
342500.0,2.9197080291970803,0.0,2.9197080291970803,0.0
342887.2983346207,2.9164101582558732,0.0,2.9164101582558732,0.0
343112.7016653793,2.9144942613498763,0.0,2.9144942613498763,0.0
343500.0,2.911208151382824,0.0,2.911208151382824,0.0
343887.2983346207,2.9079294432879768,0.0,2.9079294432879768,0.0
344112.7016653793,2.90602466912836,0.0,2.90602466912836,0.0
344500.0,2.9027576197387517,0.0,2.9027576197387517,0.0
344887.2983346207,2.899497907950695,0.0,2.899497907950695,0.0
345112.7016653793,2.897604159958153,0.0,2.897604159958153,0.0
345500.0,2.894356005788712,0.0,2.894356005788712,0.0
345887.2983346207,2.891115125692106,0.0,2.891115125692106,0.0
346112.7016653793,2.8892323084022413,0.0,2.8892323084022413,0.0
346500.0,2.886002886002886,0.0,2.886002886002886,0.0
346887.2983346207,2.882780674878911,0.0,2.882780674878911,0.0
347112.7016653793,2.8809086939261928,0.0,2.8809086939261928,0.0
347500.0,2.8776978417266186,0.0,2.8776978417266186,0.0
347887.2983346207,2.8744941387257397,0.0,2.8744941387257397,0.0
348112.7016653793,2.87263290082774,0.0,2.87263290082774,0.0
348500.0,2.8694404591104736,0.0,2.8694404591104736,0.0
348887.2983346207,2.8662551052256755,0.0,2.8662551052256755,0.0
349112.7016653793,2.864404518167572,0.0,2.864404518167572,0.0
349500.0,2.8612303290414878,0.0,2.8612303290414878,0.0
349887.2983346207,2.8580631670819696,0.0,2.8580631670819696,0.0
350112.7016653793,2.8562231397013167,0.0,2.8562231397013167,0.0
350500.0,2.8530670470756063,0.0,2.8530670470756063,0.0
350887.2983346207,2.849917921640921,0.0,2.849917921640921,0.0
351112.7016653793,2.8480883638126806,0.0,2.8480883638126806,0.0
351500.0,2.844950213371266,0.0,2.844950213371266,0.0
351887.2983346207,2.841818970825905,0.0,2.841818970825905,0.0
352112.7016653793,2.8399997934477317,0.0,2.8399997934477317,0.0
352500.0,2.8368794326241136,0.0,2.8368794326241136,0.0
352887.2983346207,2.833765921072521,0.0,2.833765921072521,0.0
353112.7016653793,2.831957036050296,0.0,2.831957036050296,0.0
353500.0,2.828854314002829,0.0,2.828854314002829,0.0
353887.2983346207,2.8257583832648403,0.0,2.8257583832648403,0.0
354112.7016653793,2.8239597034984514,0.0,2.8239597034984514,0.0
354500.0,2.8208744710860367,0.0,2.8208744710860367,0.0
354887.2983346207,2.81779597267273,0.0,2.81779597267273,0.0
355112.7016653793,2.8160074120420915,0.0,2.8160074120420915,0.0
355500.0,2.8129395218002813,0.0,2.8129395218002813,0.0
355887.2983346207,2.809878308890239,0.0,2.809878308890239,0.0
356112.7016653793,2.8080997822415457,0.0,2.8080997822415457,0.0
356500.0,2.805049088359046,0.0,2.805049088359046,0.0
356887.2983346207,2.802005015775011,0.0,2.802005015775011,0.0
357112.7016653793,2.800236438907225,0.0,2.800236438907225,0.0
357500.0,2.797202797202797,0.0,2.797202797202797,0.0
357887.2983346207,2.794175721388723,0.0,2.794175721388723,0.0
358112.7016653793,2.792417011040286,0.0,2.792417011040286,0.0
358500.0,2.789400278940028,0.0,2.789400278940028,0.0
358887.2983346207,2.7863900579385126,0.0,2.7863900579385126,0.0
359112.7016653793,2.784641131774277,0.0,2.784641131774277,0.0
359500.0,2.7816411682892905,0.0,2.7816411682892905,0.0
359887.2983346207,2.7786476617193836,0.0,2.7786476617193836,0.0
360112.7016653793,2.7769084383177662,0.0,2.7769084383177662,0.0
360500.0,2.7739251040221915,0.0,2.7739251040221915,0.0
360887.2983346207,2.7709481730575716,0.0,2.7709481730575716,0.0
361112.7016653793,2.7692185718979165,0.0,2.7692185718979165,0.0
361500.0,2.7662517289073305,0.0,2.7662517289073305,0.0
361887.2983346207,2.763291236254845,0.0,2.763291236254845,0.0
362112.7016653793,2.761571177704998,0.0,2.761571177704998,0.0
362500.0,2.7586206896551726,0.0,2.7586206896551726,0.0
362887.2983346207,2.75567649953373,0.0,2.75567649953373,0.0
363112.7016653793,2.7539659048378153,0.0,2.7539659048378153,0.0
363500.0,2.751031636863824,0.0,2.751031636863824,0.0
363887.2983346207,2.748103614983636,0.0,2.748103614983636,0.0
364112.7016653793,2.7464024062500383,0.0,2.7464024062500383,0.0
364500.0,2.7434842249657065,0.0,2.7434842249657065,0.0
364887.2983346207,2.740572238507869,0.0,2.740572238507869,0.0
365112.7016653793,2.7388803386974088,0.0,2.7388803386974088,0.0
365500.0,2.735978112175103,0.0,2.735978112175103,0.0
365887.2983346207,2.733082029771512,0.0,2.733082029771512,0.0
366112.7016653793,2.731399362685818,0.0,2.731399362685818,0.0
366500.0,2.728512960436562,0.0,2.728512960436562,0.0
366887.2983346207,2.725632652150162,0.0,2.725632652150162,0.0
367112.7016653793,2.723959142420229,0.0,2.723959142420229,0.0
367500.0,2.7210884353741496,0.0,2.7210884353741496,0.0
367887.2983346207,2.718223772679496,0.0,2.718223772679496,0.0
368112.7016653793,2.716559345754434,0.0,2.716559345754434,0.0
368500.0,2.7137042062415198,0.0,2.7137042062415198,0.0
368887.2983346207,2.7108550620056637,0.0,2.7108550620056637,0.0
369112.7016653793,2.7091996441416266,0.0,2.7091996441416266,0.0
369500.0,2.706359945872801,0.0,2.706359945872801,0.0
369887.2983346207,2.7035261943364817,0.0,2.7035261943364817,0.0
370112.7016653793,2.701879712585776,0.0,2.701879712585776,0.0
370500.0,2.699055330634278,0.0,2.699055330634278,0.0
370887.2983346207,2.6962368473934184,0.0,2.6962368473934184,0.0
371112.7016653793,2.6945992295937873,0.0,2.6945992295937873,0.0
371500.0,2.6917900403768504,0.0,2.6917900403768504,0.0
371887.2983346207,2.6889867023643528,0.0,2.6889867023643528,0.0
372112.7016653793,2.6873578771284343,0.0,2.6873578771284343,0.0
372500.0,2.684563758389262,0.0,2.684563758389262,0.0
372887.2983346207,2.6817754438570938,0.0,2.6817754438570938,0.0
373112.7016653793,2.680155340562047,0.0,2.680155340562047,0.0
373500.0,2.677376171352075,0.0,2.677376171352075,0.0
373887.2983346207,2.674602759853646,0.0,2.674602759853646,0.0
374112.7016653793,2.6729913086309436,0.0,2.6729913086309436,0.0
374500.0,2.67022696929239,0.0,2.67022696929239,0.0
374887.2983346207,2.667468341665206,0.0,2.667468341665206,0.0
375112.7016653793,2.6658654733905913,0.0,2.6658654733905913,0.0
375500.0,2.663115845539281,0.0,2.663115845539281,0.0
375887.2983346207,2.6603718838878785,0.0,2.6603718838878785,0.0
376112.7016653793,2.6587775301714807,0.0,2.6587775301714807,0.0
376500.0,2.6560424966799467,0.0,2.6560424966799467,0.0
376887.2983346207,2.6533130843590977,0.0,2.6533130843590977,0.0
377112.7016653793,2.6517271775357036,0.0,2.6517271775357036,0.0
377500.0,2.6490066225165565,0.0,2.6490066225165565,0.0
377887.2983346207,2.646291644114738,0.0,2.646291644114738,0.0
378112.7016653793,2.644714117234221,0.0,2.644714117234221,0.0
378500.0,2.642007926023778,0.0,2.642007926023778,0.0
378887.2983346207,2.639307267346907,0.0,2.639307267346907,0.0
379112.7016653793,2.6377380541648057,0.0,2.6377380541648057,0.0
379500.0,2.635046113306983,0.0,2.635046113306983,0.0
379887.2983346207,2.632359661362402,0.0,2.632359661362402,0.0
380112.7016653793,2.630798696330647,0.0,2.630798696330647,0.0
380500.0,2.628120893561104,0.0,2.628120893561104,0.0
380887.2983346207,2.6254485365418265,0.0,2.6254485365418265,0.0
381112.7016653793,2.6238957547996127,0.0,2.6238957547996127,0.0
381500.0,2.6212319790301444,0.0,2.6212319790301444,0.0
381887.2983346207,2.6185736062993406,0.0,2.6185736062993406,0.0
382112.7016653793,2.6170289436641445,0.0,2.6170289436641445,0.0
382500.0,2.6143790849673203,0.0,2.6143790849673203,0.0
382887.2983346207,2.611734587043051,0.0,2.611734587043051,0.0
383112.7016653793,2.6101979800017863,0.0,2.6101979800017863,0.0
383500.0,2.607561929595828,0.0,2.607561929595828,0.0
383887.2983346207,2.6049311981360113,0.0,2.6049311981360113,0.0
384112.7016653793,2.6034025838363255,0.0,2.6034025838363255,0.0
384500.0,2.600780234070221,0.0,2.600780234070221,0.0
384887.2983346207,2.59816316185784,0.0,2.59816316185784,0.0
385112.7016653793,2.596642478099542,0.0,2.596642478099542,0.0
385500.0,2.594033722438392,0.0,2.594033722438392,0.0
385887.2983346207,2.5914302033669263,0.0,2.5914302033669263,0.0
386112.7016653793,2.5899173885935514,0.0,2.5899173885935514,0.0
386500.0,2.5873221216041395,0.0,2.5873221216041395,0.0
386887.2983346207,2.584732050663227,0.0,2.584732050663227,0.0
387112.7016653793,2.5832270439537304,0.0,2.5832270439537304,0.0
387500.0,2.5806451612903225,0.0,2.5806451612903225,0.0
387887.2983346207,2.5780684345516383,0.0,2.5780684345516383,0.0
388112.7016653793,2.576571175612217,0.0,2.576571175612217,0.0
388500.0,2.574002574002574,0.0,2.574002574002574,0.0
388887.2983346207,2.5714390886059313,0.0,2.5714390886059313,0.0
389112.7016653793,2.569949517761973,0.0,2.569949517761973,0.0
389500.0,2.5673940949935816,0.0,2.5673940949935816,0.0
389887.2983346207,2.5648437491332436,0.0,2.5648437491332436,0.0
390112.7016653793,2.563361807321398,0.0,2.563361807321398,0.0
390500.0,2.560819462227913,0.0,2.560819462227913,0.0
390887.2983346207,2.558282155139116,0.0,2.558282155139116,0.0
391112.7016653793,2.556807783899488,0.0,2.556807783899488,0.0
391500.0,2.554278416347382,0.0,2.554278416347382,0.0
391887.2983346207,2.5517540482930636,0.0,2.5517540482930636,0.0
392112.7016653793,2.5502871897615265,0.0,2.5502871897615265,0.0
392500.0,2.5477707006369426,0.0,2.5477707006369426,0.0
392887.2983346207,2.5452591728946747,0.0,2.5452591728946747,0.0
393112.7016653793,2.5437997697952994,0.0,2.5437997697952994,0.0
393500.0,2.5412960609911055,0.0,2.5412960609911055,0.0
393887.2983346207,2.5387972758402224,0.0,2.5387972758402224,0.0
394112.7016653793,2.537345271477823,0.0,2.537345271477823,0.0
394500.0,2.534854245880862,0.0,2.534854245880862,0.0
394887.2983346207,2.5323681065897876,0.0,2.5323681065897876,0.0
395112.7016653793,2.5309234448425793,0.0,2.5309234448425793,0.0
395500.0,2.5284450063211126,0.0,2.5284450063211126,0.0
395887.2983346207,2.5259714171348775,0.0,2.5259714171348775,0.0
396112.7016653793,2.524534042447246,0.0,2.524534042447246,0.0
396500.0,2.5220680958385877,0.0,2.5220680958385877,0.0
396887.2983346207,2.519606961966536,0.0,2.519606961966536,0.0
397112.7016653793,2.518176819341916,0.0,2.518176819341916,0.0
397500.0,2.5157232704402515,0.0,2.5157232704402515,0.0
397887.2983346207,2.513274498043932,0.0,2.513274498043932,0.0
398112.7016653793,2.5118515330377917,0.0,2.5118515330377917,0.0
398500.0,2.5094102885821834,0.0,2.5094102885821834,0.0
398887.2983346207,2.5069737847634213,0.0,2.5069737847634213,0.0
399112.7016653793,2.5055579434763557,0.0,2.5055579434763557,0.0
399500.0,2.5031289111389237,0.0,2.5031289111389237,0.0
399887.2983346207,2.500704583928076,0.0,2.500704583928076,0.0
